{"cameraMode":{"drawMode":0,"name":"Shaded","section":"Shading Mode"},"sceneLighting":true,"audioPlay":false,"sceneViewState":{"showFog":true,"showMaterialUpdate":false,"showSkybox":true,"showFlares":true,"showImageEffects":true,"showParticleSystems":true},"in2DMode":false,"pivot":{"x":-0.9503173232078552,"y":3.2095000743865969,"z":2.4270102977752687},"rotation":{"x":0.13922832906246186,"y":0.8261660933494568,"z":-0.4939013421535492,"w":0.23294822871685029},"size":3.3270812034606935,"orthographic":false}