{"cameraMode":{"drawMode":0,"name":"Shaded","section":"Shading Mode"},"sceneLighting":false,"audioPlay":false,"sceneViewState":{"showFog":true,"showMaterialUpdate":false,"showSkybox":false,"showFlares":true,"showImageEffects":true,"showParticleSystems":true},"in2DMode":false,"pivot":{"x":2.6297221183776857,"y":1.538447618484497,"z":2.0311028957366945},"rotation":{"x":-0.25912103056907656,"y":0.3746531009674072,"z":-0.1098952367901802,"w":-0.8834375143051148},"size":4.868028163909912,"orthographic":false}